insert into TARIF (CODETARIF, DATETARIF, TARIFMODELE) values (5, '2016-1-1', 555)
go


insert into TARIF (CODETARIF, DATETARIF, TARIFMODELE) values (1, '2016-1-1',379 )
go


insert into TARIF (CODETARIF, DATETARIF, TARIFMODELE) values (4, '2016-1-1', 825)
go


insert into TARIF (CODETARIF, DATETARIF, TARIFMODELE) values (3, '2016-1-1', 480)
go


insert into TARIF (CODETARIF, DATETARIF, TARIFMODELE) values (2, '2016-1-1', 566)
go

SET IDENTITY_INSERT Maintinfo.[dbo].[TYPE_EQUIPEMENT] ON

insert into TYPE_EQUIPEMENT (IDTYPE, LIBELLETYPE) values (2, 'Ordinateur portable')
go


insert into TYPE_EQUIPEMENT (IDTYPE, LIBELLETYPE) values (1, 'Ordinateur de bureau')
go


insert into TYPE_EQUIPEMENT (IDTYPE, LIBELLETYPE) values (3, 'Serveur')
go


insert into TYPE_EQUIPEMENT (IDTYPE, LIBELLETYPE) values (4, 'Unité de stockage')
go


insert into TYPE_EQUIPEMENT (IDTYPE, LIBELLETYPE) values (5, 'Commutateurs réseaux')
go

SET IDENTITY_INSERT Maintinfo.[dbo].[MODELE] ON

insert into MODELE (IDMODELE, IDTYPE, CODETARIF, LIBELLEMODELE) values (4, 1, 3, 'Optiplex 7010')
go


insert into MODELE (IDMODELE, IDTYPE, CODETARIF, LIBELLEMODELE) values (2, 1, 4, 'Optiplex 7020')
go


insert into MODELE (IDMODELE, IDTYPE, CODETARIF, LIBELLEMODELE) values (5, 2, 4, 'Latitude Serie 5000')
go


insert into MODELE (IDMODELE, IDTYPE, CODETARIF, LIBELLEMODELE) values (1, 4, 2, 'PowerEdge R930')
go


insert into MODELE (IDMODELE, IDTYPE, CODETARIF, LIBELLEMODELE) values (3, 2, 1, 'Latitude Serie 6000')
go

SET IDENTITY_INSERT Maintinfo.[dbo].[SECTEUR] ON

insert into SECTEUR (IDSECTEUR, LIBELLESECTEUR) values (5, 'Sud-Est')
go


insert into SECTEUR (IDSECTEUR, LIBELLESECTEUR) values (2, 'Région Parisienne')
go


insert into SECTEUR (IDSECTEUR, LIBELLESECTEUR) values (3, 'Nord-Est')
go


insert into SECTEUR (IDSECTEUR, LIBELLESECTEUR) values (4, 'Nord-Ouest')
go


insert into SECTEUR (IDSECTEUR, LIBELLESECTEUR) values (1, 'Sud-Ouest')
go

SET IDENTITY_INSERT Maintinfo.[dbo].[CLIENT] ON
insert into CLIENT (NUMCLIENT, NOMCLIENT, ADRESSECLIENT, VILLECLIENT, CODEPOSTAL, TELCLIENT) values (1, 'Girard', '10 rue de la masse', 'Aix en Provence', '13100', '0671427188')
go


insert into CLIENT (NUMCLIENT, NOMCLIENT, ADRESSECLIENT, VILLECLIENT, CODEPOSTAL, TELCLIENT) values (5, 'Lisi', '14 avenue Mescouillesauski', 'Marignane', '13700', '0491856325')
go


insert into CLIENT (NUMCLIENT, NOMCLIENT, ADRESSECLIENT, VILLECLIENT, CODEPOSTAL, TELCLIENT) values (2, 'Gauthier', '25 rue des lilas', 'Les Mées', '04190', '0492568741')
go


insert into CLIENT (NUMCLIENT, NOMCLIENT, ADRESSECLIENT, VILLECLIENT, CODEPOSTAL, TELCLIENT) values (4, 'Chiaramonte', '20 bd des pommiers', 'Marseille', '13009', '06985242115')
go


insert into CLIENT (NUMCLIENT, NOMCLIENT, ADRESSECLIENT, VILLECLIENT, CODEPOSTAL, TELCLIENT) values (3, 'Ben Brahim', '43 av du chacal des carpates', 'Stiring Wendel', '57350', '0652314578')
go

SET IDENTITY_INSERT Maintinfo.[dbo].[CENTRE_INFORMATIQUE] ON
insert into CENTRE_INFORMATIQUE (NUMEROCENTRE, IDSECTEUR, NUMCLIENT, ADRESSECENTRE, VILLECENTRE, TELCENTRE) values (3, 1, 2, '55 immeuble Raimbault', 'Bordeaux', '0495251236')
go


insert into CENTRE_INFORMATIQUE (NUMEROCENTRE, IDSECTEUR, NUMCLIENT, ADRESSECENTRE, VILLECENTRE, TELCENTRE) values (5, 2, 3, '25 bd des chèvres', 'Paris ', '0152638947')
go


insert into CENTRE_INFORMATIQUE (NUMEROCENTRE, IDSECTEUR, NUMCLIENT, ADRESSECENTRE, VILLECENTRE, TELCENTRE) values (1, 4, 5, '44 baie des cochons', 'Hyeres', '0494652563')
go


insert into CENTRE_INFORMATIQUE (NUMEROCENTRE, IDSECTEUR, NUMCLIENT, ADRESSECENTRE, VILLECENTRE, TELCENTRE) values (4, 2, 1, '19 rue de la truite arc-en-ciel', 'Versailles','0123457896')
go


insert into CENTRE_INFORMATIQUE (NUMEROCENTRE, IDSECTEUR, NUMCLIENT, ADRESSECENTRE, VILLECENTRE, TELCENTRE) values (2, 4, 1, '125 av de la gourde', 'Brest', '025344859')
go
insert into CENTRE_INFORMATIQUE (NUMEROCENTRE, IDSECTEUR, NUMCLIENT, ADRESSECENTRE, VILLECENTRE, TELCENTRE) values (6, 2, 1, '12 rue rouge', 'Clermont', '0653448594')
go


SET IDENTITY_INSERT Maintinfo.[dbo].[CONTRAT] ON
insert into CONTRAT (NUMCONTRAT, NUMCLIENT, NUMEROCENTRE, MONTANTCONTRAT, DATEDEBUT, DATEECHEANCE) values (3, 3, 2, 4255,2016-01-01,2017-01-01)
go


insert into CONTRAT (NUMCONTRAT, NUMCLIENT, NUMEROCENTRE, MONTANTCONTRAT, DATEDEBUT, DATEECHEANCE) values (4, 1, 1, 2855,2016-01-01,2017-01-01)
go


insert into CONTRAT (NUMCONTRAT, NUMCLIENT, NUMEROCENTRE, MONTANTCONTRAT, DATEDEBUT, DATEECHEANCE) values (2, 1, 3, 4123,2016-01-01,2017-01-01)
go


insert into CONTRAT (NUMCONTRAT, NUMCLIENT, NUMEROCENTRE, MONTANTCONTRAT, DATEDEBUT, DATEECHEANCE) values (5, 4, 4, 1689,2016-01-01,2017-01-01)
go


insert into CONTRAT (NUMCONTRAT, NUMCLIENT, NUMEROCENTRE, MONTANTCONTRAT, DATEDEBUT, DATEECHEANCE) values (1, 1, 5, 2456,2016-01-01,2017-01-01)
go

SET IDENTITY_INSERT Maintinfo.[dbo].[EQUIPEMENT] ON
insert into EQUIPEMENT (NUMEROSERIE, IDMODELE, NUMEROCENTRE, NUMCONTRAT) values (5, 4, 3, 2)
go


insert into EQUIPEMENT (NUMEROSERIE, IDMODELE, NUMEROCENTRE, NUMCONTRAT) values (2, 2, 3, 2)
go


insert into EQUIPEMENT (NUMEROSERIE, IDMODELE, NUMEROCENTRE, NUMCONTRAT) values (1, 1, 1, 4)
go


insert into EQUIPEMENT (NUMEROSERIE, IDMODELE, NUMEROCENTRE, NUMCONTRAT) values (4, 2, 4, 3)
go


insert into EQUIPEMENT (NUMEROSERIE, IDMODELE, NUMEROCENTRE, NUMCONTRAT) values (3, 1, 1, 4)
go

insert into EQUIPEMENT (NUMEROSERIE, IDMODELE, NUMEROCENTRE) values (6, 1, 6)
go
insert into EQUIPEMENT (NUMEROSERIE, IDMODELE, NUMEROCENTRE) values (7, 1, 6)
go
insert into EQUIPEMENT (NUMEROSERIE, IDMODELE, NUMEROCENTRE) values (8, 2, 6)
go




